{"cameraMode":{"drawMode":0,"name":"Shaded","section":"Shading Mode"},"sceneLighting":true,"audioPlay":false,"sceneViewState":{"m_AlwaysRefresh":false,"showFog":true,"showSkybox":true,"showFlares":true,"showImageEffects":true,"showParticleSystems":true,"showVisualEffectGraphs":true,"m_FxEnabled":true},"in2DMode":false,"pivot":{"x":-0.24667596817016602,"y":0.05802154541015625,"z":-0.30126500129699709},"rotation":{"x":0.05286676436662674,"y":0.9464123249053955,"z":-0.204995259642601,"w":0.24397556483745576},"size":4.940494060516357,"orthographic":false}